paper,tp,fp,fn,predicted,expected,accuracy,precision,recall,f1
013MCN,1,0,0,1,1,100.0,100.0,100.0,100.0
014MCN,1,0,0,1,1,100.0,100.0,100.0,100.0
024CAT,4,0,0,4,4,100.0,100.0,100.0,100.0
029MCN,1,0,0,1,1,100.0,100.0,100.0,100.0
030CAT,4,0,0,4,4,100.0,100.0,100.0,100.0
022CAT,8,0,1,8,9,88.89,100.0,88.89,94.12
038CAT,20,0,3,20,23,86.96,100.0,86.96,93.02
037CAT,6,1,0,7,6,85.71,85.71,100.0,92.31
025CAT,10,2,1,12,11,76.92,83.33,90.91,86.96
023CAT,2,0,1,2,3,66.67,100.0,66.67,80.0
033CAT,4,1,1,5,5,66.67,80.0,80.0,80.0
026CAT,2,2,0,4,2,50.0,50.0,100.0,66.67
035MCN,1,1,0,2,1,50.0,50.0,100.0,66.67
010CAT,3,1,4,4,7,37.5,75.0,42.86,54.55
016CAT,4,1,6,5,10,36.36,80.0,40.0,53.33
017CAT,5,1,8,6,13,35.71,83.33,38.46,52.63
027CAT,7,13,0,20,7,35.0,35.0,100.0,51.85
011CAT,1,0,2,1,3,33.33,100.0,33.33,50.0
032MCN,1,2,0,3,1,33.33,33.33,100.0,50.0
012MCN,1,3,0,4,1,25.0,25.0,100.0,40.0
021CAT,2,1,5,3,7,25.0,66.67,28.57,40.0
028CAT,2,6,0,8,2,25.0,25.0,100.0,40.0
007CAT,2,4,4,6,6,20.0,33.33,33.33,33.33
019CAT,2,0,9,2,11,18.18,100.0,18.18,30.77
020CAT,2,12,0,14,2,14.29,14.29,100.0,25.0
018MCN,0,0,1,0,1,0.0,0,0.0,0
034MCN,0,2,2,2,2,0.0,0.0,0.0,0
036CAT,0,3,3,3,3,0.0,0.0,0.0,0
039MCN,0,3,1,3,1,0.0,0.0,0.0,0
